{
    "target": 2848.3351046619755,
    "parameters": {
        "DAGOR_ADMISSION_LEVEL_UPDATE_INTERVAL": "172130us",
        "DAGOR_ALPHA": 0.3663283389989862,
        "DAGOR_BETA": 0.29026832364873273,
        "DAGOR_QUEUING_THRESHOLD": "739247us",
        "DAGOR_UMAX": 4
    }
}