{
    "target": -1686.2450139275766,
    "parameters": {
        "BREAKWATER_A": 0.37733314351152497,
        "BREAKWATER_B": 0.619845355353116,
        "BREAKWATER_CLIENT_EXPIRATION": "20446us",
        "BREAKWATER_INITIAL_CREDIT": 2635,
        "BREAKWATER_SLO": "2836us"
    }
}