{
    "target": 2724.4524117398423,
    "parameters": {
        "BREAKWATER_A": 0.8458747113042088,
        "BREAKWATER_B": 0.8966501483856425,
        "BREAKWATER_CLIENT_EXPIRATION": "17207us",
        "BREAKWATER_INITIAL_CREDIT": 2220,
        "BREAKWATER_SLO": "20721us"
    }
}