{
    "target": 0.368,
    "parameters": {
        "DAGOR_ADMISSION_LEVEL_UPDATE_INTERVAL": "448445us",
        "DAGOR_ALPHA": 0.8723061776291312,
        "DAGOR_BETA": 0.14751346003846608,
        "DAGOR_QUEUING_THRESHOLD": "288487us",
        "DAGOR_UMAX": 4
    }
}