{
    "target": -4927.95,
    "parameters": {
        "DAGOR_ADMISSION_LEVEL_UPDATE_INTERVAL": "129157us",
        "DAGOR_ALPHA": 0.6321564248328385,
        "DAGOR_BETA": 0.3121540839752936,
        "DAGOR_QUEUING_THRESHOLD": "551358us",
        "DAGOR_UMAX": 5
    }
}