{
    "target": 2947.8492173487994,
    "parameters": {
        "DAGOR_ADMISSION_LEVEL_UPDATE_INTERVAL": "417604us",
        "DAGOR_ALPHA": 0.7122758194258344,
        "DAGOR_BETA": 0.0010570730338550984,
        "DAGOR_QUEUING_THRESHOLD": "303030us",
        "DAGOR_UMAX": 4
    }
}