{
    "target": 3665.66,
    "parameters": {
        "BREAKWATER_A": 0.008174173591617305,
        "BREAKWATER_B": 0.015331008826065914,
        "BREAKWATER_CLIENT_EXPIRATION": "9773us",
        "BREAKWATER_INITIAL_CREDIT": 678,
        "BREAKWATER_SLO": "91766us"
    }
}