{
    "target": 554.47,
    "parameters": {
        "dagor_admission_level_update_interval": 780642.6855478132,
        "dagor_alpha": 0.9063837650516953,
        "dagor_beta": 0.11779914113480679,
        "dagor_queuing_threshold": 932924.8420744569,
        "dagor_umax": 8.82996547214927
    }
}