{
    "target": 1672.28,
    "parameters": {
        "BREAKWATER_A": 11.692336257688945,
        "BREAKWATER_B": 0.004983989475762508,
        "BREAKWATER_CLIENT_EXPIRATION": "13317us",
        "BREAKWATER_INITIAL_CREDIT": 59,
        "BREAKWATER_SLO": "749158us"
    }
}