{
    "target": 2320.0,
    "parameters": {
        "DAGOR_ADMISSION_LEVEL_UPDATE_INTERVAL": "389089us",
        "DAGOR_ALPHA": 0.886889375080083,
        "DAGOR_BETA": 0.42453482292296585,
        "DAGOR_QUEUING_THRESHOLD": "586947us",
        "DAGOR_UMAX": 5
    }
}