{
    "target": 3123.9607509569296,
    "parameters": {
        "BREAKWATER_A": 0.12684436920930828,
        "BREAKWATER_B": 0.24748668874040491,
        "BREAKWATER_CLIENT_EXPIRATION": "85065us",
        "BREAKWATER_INITIAL_CREDIT": 903,
        "BREAKWATER_SLO": "71078us"
    }
}