{
    "target": 1328.0854268991166,
    "parameters": {
        "BREAKWATER_A": 0.04171666182496598,
        "BREAKWATER_B": 0.8032091902438849,
        "BREAKWATER_CLIENT_EXPIRATION": "15319us",
        "BREAKWATER_INITIAL_CREDIT": 2000,
        "BREAKWATER_SLO": "4977us"
    }
}