{
    "target": 80.0,
    "parameters": {
        "BREAKWATER_A": 0.2241950542902386,
        "BREAKWATER_B": 0.15015105185303484,
        "BREAKWATER_CLIENT_EXPIRATION": "99333us",
        "BREAKWATER_INITIAL_CREDIT": 602,
        "BREAKWATER_SLO": "99791us"
    }
}