{
    "target": 3865.1257241432486,
    "parameters": {
        "DAGOR_ADMISSION_LEVEL_UPDATE_INTERVAL": "385213us",
        "DAGOR_ALPHA": 0.5524542431424158,
        "DAGOR_BETA": 0.01631792537907365,
        "DAGOR_QUEUING_THRESHOLD": "134505us",
        "DAGOR_UMAX": 3
    }
}