{
    "target": 0.312,
    "parameters": {
        "DAGOR_ADMISSION_LEVEL_UPDATE_INTERVAL": "368915us",
        "DAGOR_ALPHA": 0.816243331061097,
        "DAGOR_BETA": 0.23636336090393173,
        "DAGOR_QUEUING_THRESHOLD": "580608us",
        "DAGOR_UMAX": 4
    }
}