{
    "target": 0.0,
    "parameters": {
        "BREAKWATER_A": 20.851158532928228,
        "BREAKWATER_B": 0.021889410309822586,
        "BREAKWATER_CLIENT_EXPIRATION": "501us",
        "BREAKWATER_INITIAL_CREDIT": 3024,
        "BREAKWATER_SLO": "147609us"
    }
}