{
    "target": -1.179675,
    "parameters": {
        "BREAKWATER_A": 26.82409042662678,
        "BREAKWATER_B": 0.00574106096439012,
        "BREAKWATER_CLIENT_EXPIRATION": "5945us",
        "BREAKWATER_INITIAL_CREDIT": 9526,
        "BREAKWATER_SLO": "28397us"
    }
}