{
    "target": 673.9233654859368,
    "parameters": {
        "BREAKWATER_A": 0.533572229530625,
        "BREAKWATER_B": 0.8942432012791321,
        "BREAKWATER_CLIENT_EXPIRATION": "55909us",
        "BREAKWATER_INITIAL_CREDIT": 97,
        "BREAKWATER_SLO": "19500us"
    }
}