{
    "target": -101.30000000000018,
    "parameters": {
        "BREAKWATER_A": 0.446741920731243,
        "BREAKWATER_B": 0.17736163923789355,
        "BREAKWATER_CLIENT_EXPIRATION": "10120us",
        "BREAKWATER_INITIAL_CREDIT": 1763,
        "BREAKWATER_SLO": "201us"
    }
}